,Bulgaria,Sweden,CN: Liaoning  Province,CN: Heilongjiang  Province,CN: Shanxi Province,CN: Shaannxi  Province,CN: Hebei Province,CN: Beijing,CN: Jiangsu  Province,CN: Fujian  Province,CN: Shandong  Province,CN: Zhejiang  Province,CN: Shanghai,CN: Guangdong  Province,CN: Hunan  Province,CN: Hubei  Province,CN: Henan  Province,CN: Jiangxi  Province,CN: Anhui  Province,CN: Guizhou Province,CN: Guangxi  Province,Cyprus,Finland,Italy,Poland,Romania,Slovenia,Great Britain,France,Germany,IN: Assam,IN: Karnataka,IN: Punjab,IN: Kerala,IN: Orrisa,IN: Andhra Pradesh,IN: Bihar,IN: Gujarat,IN: Madhya Pradesh,IN: Maharashtra,IN: Rajasthan,IN: Tamil Nadu,IN: Uttar Pradesh,IN: West Bengal,Netherlands,Spain,US: West North Central,US: East South Central,US: South Atlantic,US: Middle Atlantic States,US: East North Central,US: New England,US: West South Central,US: Rocky Mountain state,US: California,Hungary,US: Pacific,Estonia,CN: Gansu
Bulgaria,NA,NA,NA,NA,NA,NA,NA,NA,NA,NA,NA,NA,NA,NA,NA,NA,NA,NA,NA,NA,NA,NA,NA,NA,NA,NA,NA,NA,NA,NA,NA,NA,NA,NA,NA,NA,NA,NA,NA,NA,NA,NA,NA,NA,NA,NA,NA,NA,NA,NA,NA,NA,NA,NA,NA,NA,NA,NA,NA
Sweden,0.199755064,NA,NA,NA,NA,NA,NA,NA,NA,NA,NA,NA,NA,NA,NA,NA,NA,NA,NA,NA,NA,NA,NA,NA,NA,NA,NA,NA,NA,NA,NA,NA,NA,NA,NA,NA,NA,NA,NA,NA,NA,NA,NA,NA,NA,NA,NA,NA,NA,NA,NA,NA,NA,NA,NA,NA,NA,NA,NA
CN: Liaoning  Province,0.149188599,0.355725073,NA,NA,NA,NA,NA,NA,NA,NA,NA,NA,NA,NA,NA,NA,NA,NA,NA,NA,NA,NA,NA,NA,NA,NA,NA,NA,NA,NA,NA,NA,NA,NA,NA,NA,NA,NA,NA,NA,NA,NA,NA,NA,NA,NA,NA,NA,NA,NA,NA,NA,NA,NA,NA,NA,NA,NA,NA
CN: Heilongjiang  Province,0.168336182,0.381234816,0.025800822,NA,NA,NA,NA,NA,NA,NA,NA,NA,NA,NA,NA,NA,NA,NA,NA,NA,NA,NA,NA,NA,NA,NA,NA,NA,NA,NA,NA,NA,NA,NA,NA,NA,NA,NA,NA,NA,NA,NA,NA,NA,NA,NA,NA,NA,NA,NA,NA,NA,NA,NA,NA,NA,NA,NA,NA
CN: Shanxi Province,0.186533827,0.359646359,0.032122547,0.023651475,NA,NA,NA,NA,NA,NA,NA,NA,NA,NA,NA,NA,NA,NA,NA,NA,NA,NA,NA,NA,NA,NA,NA,NA,NA,NA,NA,NA,NA,NA,NA,NA,NA,NA,NA,NA,NA,NA,NA,NA,NA,NA,NA,NA,NA,NA,NA,NA,NA,NA,NA,NA,NA,NA,NA
CN: Shaannxi  Province,0.233419105,0.420389421,0.041970809,0.036947011,0.027376112,NA,NA,NA,NA,NA,NA,NA,NA,NA,NA,NA,NA,NA,NA,NA,NA,NA,NA,NA,NA,NA,NA,NA,NA,NA,NA,NA,NA,NA,NA,NA,NA,NA,NA,NA,NA,NA,NA,NA,NA,NA,NA,NA,NA,NA,NA,NA,NA,NA,NA,NA,NA,NA,NA
CN: Hebei Province,0.25028969,0.494839276,0.060040356,0.05627869,0.04364749,0.043085464,NA,NA,NA,NA,NA,NA,NA,NA,NA,NA,NA,NA,NA,NA,NA,NA,NA,NA,NA,NA,NA,NA,NA,NA,NA,NA,NA,NA,NA,NA,NA,NA,NA,NA,NA,NA,NA,NA,NA,NA,NA,NA,NA,NA,NA,NA,NA,NA,NA,NA,NA,NA,NA
CN: Beijing,0.18303672,0.352964452,0.047730119,0.042197806,0.030739011,0.043960788,0.073085896,NA,NA,NA,NA,NA,NA,NA,NA,NA,NA,NA,NA,NA,NA,NA,NA,NA,NA,NA,NA,NA,NA,NA,NA,NA,NA,NA,NA,NA,NA,NA,NA,NA,NA,NA,NA,NA,NA,NA,NA,NA,NA,NA,NA,NA,NA,NA,NA,NA,NA,NA,NA
CN: Jiangsu  Province,0.201834786,0.435037521,0.056835031,0.049040934,0.045143063,0.053419726,0.060840813,0.064654968,NA,NA,NA,NA,NA,NA,NA,NA,NA,NA,NA,NA,NA,NA,NA,NA,NA,NA,NA,NA,NA,NA,NA,NA,NA,NA,NA,NA,NA,NA,NA,NA,NA,NA,NA,NA,NA,NA,NA,NA,NA,NA,NA,NA,NA,NA,NA,NA,NA,NA,NA
CN: Fujian  Province,0.189914536,0.466114841,0.053488477,0.042539746,0.057627601,0.070359501,0.104242102,0.068860977,0.05959438,NA,NA,NA,NA,NA,NA,NA,NA,NA,NA,NA,NA,NA,NA,NA,NA,NA,NA,NA,NA,NA,NA,NA,NA,NA,NA,NA,NA,NA,NA,NA,NA,NA,NA,NA,NA,NA,NA,NA,NA,NA,NA,NA,NA,NA,NA,NA,NA,NA,NA
CN: Shandong  Province,0.143956533,0.277541797,0.035309415,0.031100321,0.020332621,0.029061825,0.04285938,0.039545214,0.044967071,0.074991885,NA,NA,NA,NA,NA,NA,NA,NA,NA,NA,NA,NA,NA,NA,NA,NA,NA,NA,NA,NA,NA,NA,NA,NA,NA,NA,NA,NA,NA,NA,NA,NA,NA,NA,NA,NA,NA,NA,NA,NA,NA,NA,NA,NA,NA,NA,NA,NA,NA
CN: Zhejiang  Province,0.178618994,0.386453653,0.043630204,0.060362567,0.05131365,0.068854798,0.08125052,0.052630255,0.057527585,0.064037674,0.072716039,NA,NA,NA,NA,NA,NA,NA,NA,NA,NA,NA,NA,NA,NA,NA,NA,NA,NA,NA,NA,NA,NA,NA,NA,NA,NA,NA,NA,NA,NA,NA,NA,NA,NA,NA,NA,NA,NA,NA,NA,NA,NA,NA,NA,NA,NA,NA,NA
CN: Shanghai,0.200805717,0.453410816,0.055829352,0.05802399,0.04662714,0.062174759,0.07642183,0.051259613,0.070401188,0.095024872,0.064265946,0.061839827,NA,NA,NA,NA,NA,NA,NA,NA,NA,NA,NA,NA,NA,NA,NA,NA,NA,NA,NA,NA,NA,NA,NA,NA,NA,NA,NA,NA,NA,NA,NA,NA,NA,NA,NA,NA,NA,NA,NA,NA,NA,NA,NA,NA,NA,NA,NA
CN: Guangdong  Province,0.120825162,0.329176393,0.03903001,0.038531423,0.041644118,0.054457985,0.067017697,0.046873779,0.057790952,0.05922057,0.043633231,0.049468378,0.053228211,NA,NA,NA,NA,NA,NA,NA,NA,NA,NA,NA,NA,NA,NA,NA,NA,NA,NA,NA,NA,NA,NA,NA,NA,NA,NA,NA,NA,NA,NA,NA,NA,NA,NA,NA,NA,NA,NA,NA,NA,NA,NA,NA,NA,NA,NA
CN: Hunan  Province,0.20869014,0.405238458,0.05163426,0.037371173,0.040612429,0.044304964,0.051183661,0.061032637,0.047489355,0.065191297,0.05352451,0.068870366,0.068898097,0.044216466,NA,NA,NA,NA,NA,NA,NA,NA,NA,NA,NA,NA,NA,NA,NA,NA,NA,NA,NA,NA,NA,NA,NA,NA,NA,NA,NA,NA,NA,NA,NA,NA,NA,NA,NA,NA,NA,NA,NA,NA,NA,NA,NA,NA,NA
CN: Hubei  Province,0.171338957,0.343737082,0.041031096,0.029709859,0.030879811,0.0319403,0.05420007,0.036866381,0.056237312,0.067645317,0.01986738,0.062641653,0.067684337,0.036069511,0.049898285,NA,NA,NA,NA,NA,NA,NA,NA,NA,NA,NA,NA,NA,NA,NA,NA,NA,NA,NA,NA,NA,NA,NA,NA,NA,NA,NA,NA,NA,NA,NA,NA,NA,NA,NA,NA,NA,NA,NA,NA,NA,NA,NA,NA
CN: Henan  Province,0.154727733,0.377331792,0.028783504,0.027956564,0.028227155,0.037836861,0.048292632,0.039205323,0.040860534,0.053227387,0.025067203,0.052518984,0.058889554,0.029539701,0.028846586,0.025942683,NA,NA,NA,NA,NA,NA,NA,NA,NA,NA,NA,NA,NA,NA,NA,NA,NA,NA,NA,NA,NA,NA,NA,NA,NA,NA,NA,NA,NA,NA,NA,NA,NA,NA,NA,NA,NA,NA,NA,NA,NA,NA,NA
CN: Jiangxi  Province,0.196365968,0.494097016,0.047844523,0.04148622,0.045224616,0.043162219,0.051930864,0.049923437,0.063047418,0.048885937,0.054408155,0.06346016,0.061960505,0.043644276,0.049020923,0.043170952,0.036440428,NA,NA,NA,NA,NA,NA,NA,NA,NA,NA,NA,NA,NA,NA,NA,NA,NA,NA,NA,NA,NA,NA,NA,NA,NA,NA,NA,NA,NA,NA,NA,NA,NA,NA,NA,NA,NA,NA,NA,NA,NA,NA
CN: Anhui  Province,0.20691567,0.513315643,0.052230412,0.03341174,0.033965167,0.04525383,0.04231518,0.047928917,0.072639988,0.064686081,0.047065596,0.07254742,0.061612718,0.055116775,0.043726495,0.037367259,0.036538832,0.037544435,NA,NA,NA,NA,NA,NA,NA,NA,NA,NA,NA,NA,NA,NA,NA,NA,NA,NA,NA,NA,NA,NA,NA,NA,NA,NA,NA,NA,NA,NA,NA,NA,NA,NA,NA,NA,NA,NA,NA,NA,NA
CN: Guizhou Province,0.199288452,0.407749751,0.043128674,0.03519796,0.030908292,0.041505685,0.03496455,0.052398535,0.05549341,0.063146625,0.041272846,0.063543417,0.067581073,0.042046959,0.028843929,0.040302394,0.03001217,0.041596973,0.029690564,NA,NA,NA,NA,NA,NA,NA,NA,NA,NA,NA,NA,NA,NA,NA,NA,NA,NA,NA,NA,NA,NA,NA,NA,NA,NA,NA,NA,NA,NA,NA,NA,NA,NA,NA,NA,NA,NA,NA,NA
CN: Guangxi  Province,0.127879879,0.369243235,0.032312821,0.027956006,0.033174739,0.043443805,0.057367748,0.052345647,0.039943833,0.0564419,0.032294161,0.055183685,0.058124483,0.026595149,0.03665407,0.034123905,0.021926702,0.037815301,0.049746355,0.038105299,NA,NA,NA,NA,NA,NA,NA,NA,NA,NA,NA,NA,NA,NA,NA,NA,NA,NA,NA,NA,NA,NA,NA,NA,NA,NA,NA,NA,NA,NA,NA,NA,NA,NA,NA,NA,NA,NA,NA
Cyprus,0.075259308,0.129316967,0.233240226,0.254842857,0.242881669,0.313478303,0.296444445,0.250935236,0.25578398,0.19428032,0.184392173,0.241918675,0.35847369,0.181824083,0.258554497,0.232388632,0.244523119,0.349830598,0.358997306,0.294933296,0.201336107,NA,NA,NA,NA,NA,NA,NA,NA,NA,NA,NA,NA,NA,NA,NA,NA,NA,NA,NA,NA,NA,NA,NA,NA,NA,NA,NA,NA,NA,NA,NA,NA,NA,NA,NA,NA,NA,NA
Finland,0.128554812,0.060350402,0.188794011,0.212593936,0.196924626,0.245849899,0.270475934,0.192319809,0.235940259,0.246239411,0.156631753,0.235511642,0.253390012,0.183258094,0.234758355,0.196362921,0.195056792,0.269403307,0.282502458,0.23438958,0.194542252,0.081292132,NA,NA,NA,NA,NA,NA,NA,NA,NA,NA,NA,NA,NA,NA,NA,NA,NA,NA,NA,NA,NA,NA,NA,NA,NA,NA,NA,NA,NA,NA,NA,NA,NA,NA,NA,NA,NA
Italy,0.087449692,0.132475535,0.182665818,0.209401658,0.213838554,0.267119874,0.284202244,0.220233017,0.245897266,0.210423654,0.162554232,0.198588369,0.266624686,0.15998749,0.260195458,0.212101622,0.197155198,0.261155482,0.281539038,0.244462549,0.18971319,0.038144699,0.06311053,NA,NA,NA,NA,NA,NA,NA,NA,NA,NA,NA,NA,NA,NA,NA,NA,NA,NA,NA,NA,NA,NA,NA,NA,NA,NA,NA,NA,NA,NA,NA,NA,NA,NA,NA,NA
Poland,0.107116802,0.171716388,0.256671573,0.272008644,0.268964025,0.347914886,0.32878321,0.27298722,0.295988955,0.235892391,0.213483104,0.304459941,0.38975227,0.211920994,0.29573551,0.254510149,0.263079478,0.343644755,0.358099984,0.334305666,0.232222295,0.053091199,0.103364222,0.046171174,NA,NA,NA,NA,NA,NA,NA,NA,NA,NA,NA,NA,NA,NA,NA,NA,NA,NA,NA,NA,NA,NA,NA,NA,NA,NA,NA,NA,NA,NA,NA,NA,NA,NA,NA
Romania,0.103704997,0.25168232,0.373323402,0.391229317,0.399286289,0.502588869,0.469165028,0.405146171,0.408626554,0.308632896,0.318009669,0.420323266,0.559502952,0.288758218,0.403842857,0.374933116,0.373438314,0.45859622,0.475669916,0.439065232,0.321738424,0.075577983,0.198476063,0.102263181,0.056697755,NA,NA,NA,NA,NA,NA,NA,NA,NA,NA,NA,NA,NA,NA,NA,NA,NA,NA,NA,NA,NA,NA,NA,NA,NA,NA,NA,NA,NA,NA,NA,NA,NA,NA
Slovenia,0.087511027,0.095613123,0.201094118,0.219569253,0.222826189,0.258427864,0.309897512,0.187519744,0.235737904,0.217261322,0.179492111,0.188204498,0.282110461,0.168759337,0.25796541,0.210285539,0.208493387,0.257058634,0.300084992,0.270786539,0.189662129,0.072068682,0.078668899,0.055686482,0.075056239,0.124849149,NA,NA,NA,NA,NA,NA,NA,NA,NA,NA,NA,NA,NA,NA,NA,NA,NA,NA,NA,NA,NA,NA,NA,NA,NA,NA,NA,NA,NA,NA,NA,NA,NA
Great Britain,0.100647923,0.076935401,0.174278649,0.175988323,0.172080577,0.214493182,0.227325102,0.161873847,0.209416994,0.219669993,0.141919707,0.193755943,0.226412086,0.14532995,0.184259297,0.173070961,0.170435113,0.242727284,0.242398124,0.218624161,0.185413783,0.061516193,0.037945078,0.055057276,0.092248526,0.184727851,0.054333578,NA,NA,NA,NA,NA,NA,NA,NA,NA,NA,NA,NA,NA,NA,NA,NA,NA,NA,NA,NA,NA,NA,NA,NA,NA,NA,NA,NA,NA,NA,NA,NA
France,0.091215576,0.090282952,0.179248293,0.181433575,0.191172301,0.215491459,0.236967227,0.182042133,0.225506345,0.223738118,0.153744359,0.198251357,0.240646378,0.14335812,0.196783879,0.180631546,0.181695708,0.246133746,0.246540507,0.221036375,0.180481589,0.068208024,0.057214475,0.058817122,0.104825319,0.186028274,0.058943547,0.026660393,NA,NA,NA,NA,NA,NA,NA,NA,NA,NA,NA,NA,NA,NA,NA,NA,NA,NA,NA,NA,NA,NA,NA,NA,NA,NA,NA,NA,NA,NA,NA
Germany,0.135594814,0.075502308,0.208755984,0.238662553,0.249231065,0.282083208,0.336904468,0.249586265,0.25785892,0.262449483,0.217566061,0.238654935,0.305966449,0.18273824,0.270541137,0.251144299,0.236987383,0.276972009,0.318659143,0.261454059,0.211740309,0.081551612,0.067833445,0.070824379,0.110892646,0.141033903,0.076565748,0.068760173,0.081096828,NA,NA,NA,NA,NA,NA,NA,NA,NA,NA,NA,NA,NA,NA,NA,NA,NA,NA,NA,NA,NA,NA,NA,NA,NA,NA,NA,NA,NA,NA
IN: Assam,0.245207007,0.507360097,0.164123396,0.139660302,0.166543758,0.185108207,0.257153363,0.161033231,0.175064999,0.138586127,0.285598944,0.166000485,0.180691409,0.169268407,0.182006143,0.215355829,0.164315261,0.17331643,0.188228201,0.185240678,0.162634843,0.201361328,0.324556689,0.267344316,0.30850159,0.356436524,0.340143156,0.235346275,0.233833623,0.319449844,NA,NA,NA,NA,NA,NA,NA,NA,NA,NA,NA,NA,NA,NA,NA,NA,NA,NA,NA,NA,NA,NA,NA,NA,NA,NA,NA,NA,NA
IN: Karnataka,0.296062445,0.512000637,0.135620254,0.135406646,0.160169677,0.175634486,0.212578273,0.164759866,0.176311933,0.160979592,0.235774243,0.157284614,0.180584391,0.149560066,0.158234873,0.173082546,0.148445112,0.186392583,0.182522174,0.177910662,0.153220086,0.276853803,0.294565627,0.236626505,0.265540468,0.368091494,0.333939883,0.243239042,0.222396647,0.395489499,0.109559917,NA,NA,NA,NA,NA,NA,NA,NA,NA,NA,NA,NA,NA,NA,NA,NA,NA,NA,NA,NA,NA,NA,NA,NA,NA,NA,NA,NA
IN: Punjab,0.285200609,0.683575831,0.143254595,0.114774461,0.156563214,0.151200178,0.215656951,0.163015984,0.161160576,0.108184438,0.24041622,0.151263665,0.169338728,0.156499059,0.158747623,0.183947104,0.150465773,0.140464435,0.156109569,0.173003938,0.15705094,0.233995584,0.390814984,0.289816146,0.313754644,0.400631331,0.412411097,0.314275503,0.301282833,0.448809279,0.123382746,0.114721214,NA,NA,NA,NA,NA,NA,NA,NA,NA,NA,NA,NA,NA,NA,NA,NA,NA,NA,NA,NA,NA,NA,NA,NA,NA,NA,NA
IN: Kerala,0.25488942,0.494692379,0.123446528,0.105330561,0.126443673,0.140149501,0.185932135,0.13538551,0.128997576,0.102959348,0.200671975,0.142874781,0.151044155,0.132642861,0.132488814,0.15162864,0.121710608,0.122059876,0.134100846,0.136728585,0.121114507,0.25851626,0.249287665,0.232974913,0.277370165,0.385951109,0.318152009,0.261294445,0.273855502,0.27333178,0.104498816,0.129073492,0.108129877,NA,NA,NA,NA,NA,NA,NA,NA,NA,NA,NA,NA,NA,NA,NA,NA,NA,NA,NA,NA,NA,NA,NA,NA,NA,NA
IN: Orrisa,0.267369476,0.692806792,0.157698595,0.13299646,0.166761648,0.17479336,0.220515667,0.177852089,0.182492111,0.117324269,0.251612848,0.173615432,0.184310488,0.162524133,0.165620932,0.204194653,0.162751281,0.155966421,0.166889088,0.168892178,0.161319312,0.187276103,0.320111981,0.209166389,0.20881448,0.227044721,0.386386482,0.264634975,0.265528269,0.393555712,0.140981855,0.117969996,0.11026727,0.103807945,NA,NA,NA,NA,NA,NA,NA,NA,NA,NA,NA,NA,NA,NA,NA,NA,NA,NA,NA,NA,NA,NA,NA,NA,NA
IN: Andhra Pradesh,0.163430527,0.532559428,0.12102485,0.11727997,0.135145614,0.159643412,0.162489747,0.154546349,0.141414296,0.141856457,0.175204526,0.152217747,0.164526558,0.108315844,0.133123868,0.13905538,0.115373321,0.152012484,0.159335109,0.152357066,0.104788652,0.167659328,0.25076755,0.197442149,0.18485987,0.228877215,0.266507789,0.216216676,0.213265281,0.320282753,0.104277242,0.084491094,0.118649671,0.110925178,0.093927759,NA,NA,NA,NA,NA,NA,NA,NA,NA,NA,NA,NA,NA,NA,NA,NA,NA,NA,NA,NA,NA,NA,NA,NA
IN: Bihar,0.158111047,0.451143604,0.124080106,0.117753263,0.143778973,0.160037368,0.19104186,0.161121886,0.159506831,0.137308103,0.171682599,0.154070777,0.181883864,0.128074918,0.151167938,0.13935285,0.128521501,0.15438869,0.16296617,0.17064892,0.119038709,0.143199259,0.229992442,0.176750809,0.187399133,0.238368917,0.224481704,0.199128457,0.193576092,0.291922562,0.126122036,0.085534558,0.100180169,0.113200122,0.104293963,0.076880754,NA,NA,NA,NA,NA,NA,NA,NA,NA,NA,NA,NA,NA,NA,NA,NA,NA,NA,NA,NA,NA,NA,NA
IN: Gujarat,0.34371156,0.709918755,0.178547961,0.186250131,0.190202913,0.190300063,0.208130284,0.21202711,0.209916998,0.160854359,0.270250484,0.181691697,0.210999146,0.1993479,0.20379527,0.231006776,0.188616968,0.200329319,0.207398685,0.200366751,0.193163719,0.27657546,0.417766893,0.367997333,0.324434549,0.371068779,0.435222509,0.311914849,0.321139664,0.563595354,0.166430929,0.168087286,0.147077183,0.192063715,0.187813962,0.188134229,0.160262034,NA,NA,NA,NA,NA,NA,NA,NA,NA,NA,NA,NA,NA,NA,NA,NA,NA,NA,NA,NA,NA,NA
IN: Madhya Pradesh,0.222281801,0.617365438,0.162964368,0.185402864,0.197320282,0.225959231,0.231457613,0.233704351,0.201180079,0.17696848,0.239420269,0.186061225,0.279564717,0.177265403,0.214611972,0.216177071,0.190561844,0.257363209,0.26201829,0.230205758,0.181066083,0.20846776,0.326314482,0.232269421,0.283118856,0.312525821,0.342103483,0.287779275,0.284586027,0.448113594,0.145989699,0.11974445,0.117364467,0.16723502,0.131989382,0.112071125,0.101898823,0.154521848,NA,NA,NA,NA,NA,NA,NA,NA,NA,NA,NA,NA,NA,NA,NA,NA,NA,NA,NA,NA,NA
IN: Maharashtra,0.152903686,0.391829192,0.133337153,0.12900665,0.146110887,0.177265573,0.165147002,0.180918639,0.145591092,0.145252567,0.142295558,0.169937832,0.21250775,0.126830818,0.153048171,0.146135172,0.13628065,0.202236401,0.205713254,0.17165156,0.112213411,0.144983411,0.198702648,0.17492396,0.191991488,0.262255932,0.247666473,0.169478981,0.156226491,0.304326137,0.109467648,0.07361751,0.116342962,0.121546779,0.112247745,0.0596276,0.065017936,0.158766505,0.095525212,NA,NA,NA,NA,NA,NA,NA,NA,NA,NA,NA,NA,NA,NA,NA,NA,NA,NA,NA,NA
IN: Rajasthan,0.215188406,0.660862232,0.175047477,0.163775678,0.190469538,0.20370185,0.235369132,0.217907309,0.187503884,0.156506578,0.227492248,0.202010792,0.291504174,0.18884215,0.194101466,0.193415662,0.164083294,0.230554436,0.234920762,0.209489592,0.174758104,0.191978333,0.316457035,0.217833353,0.25173672,0.263031804,0.364165337,0.303007045,0.301097222,0.483537188,0.180460227,0.138663663,0.118196629,0.143168725,0.114375853,0.108073472,0.102280636,0.167201936,0.113269805,0.093372184,NA,NA,NA,NA,NA,NA,NA,NA,NA,NA,NA,NA,NA,NA,NA,NA,NA,NA,NA
IN: Tamil Nadu,0.229479621,0.459978801,0.118818591,0.110181602,0.129476708,0.143751252,0.177493133,0.147014321,0.149151951,0.141250794,0.170248008,0.132928513,0.16635371,0.130841812,0.147235956,0.138593916,0.126224356,0.159779766,0.155876266,0.161405406,0.119386575,0.247641731,0.241336122,0.211525284,0.270323233,0.404922307,0.271246735,0.211434738,0.188739911,0.33973301,0.157760671,0.063868144,0.129694065,0.149309342,0.129501647,0.090398662,0.080946986,0.18508224,0.13145143,0.070376359,0.130068955,NA,NA,NA,NA,NA,NA,NA,NA,NA,NA,NA,NA,NA,NA,NA,NA,NA,NA
IN: Uttar Pradesh,0.143539712,0.386428648,0.130704332,0.144456196,0.162690223,0.199041245,0.19954659,0.193175375,0.191443337,0.150833172,0.156696551,0.171319769,0.217059972,0.137592126,0.186387117,0.164440281,0.149080371,0.204924208,0.203354931,0.201065226,0.132140602,0.130291994,0.202725942,0.143035245,0.16898005,0.206236018,0.216722233,0.163047997,0.158991576,0.292339745,0.126871553,0.079315304,0.10415498,0.148555221,0.105319661,0.076397538,0.042576366,0.140499001,0.065327038,0.058766705,0.110894328,0.078157609,NA,NA,NA,NA,NA,NA,NA,NA,NA,NA,NA,NA,NA,NA,NA,NA,NA
IN: West Bengal,0.185456001,0.527971663,0.119720708,0.115752656,0.139563523,0.167362709,0.180759902,0.168350978,0.164598424,0.124290573,0.173252728,0.156245171,0.180930779,0.12012433,0.170144335,0.148855613,0.12839246,0.146740485,0.142882837,0.156287214,0.117803641,0.194718816,0.301103197,0.195692202,0.199643492,0.216189523,0.283734745,0.260882618,0.25061756,0.314601553,0.133811127,0.120044417,0.138147143,0.105699836,0.100944551,0.083796817,0.072042389,0.172753486,0.117249411,0.085826911,0.130331121,0.116086859,0.069870477,NA,NA,NA,NA,NA,NA,NA,NA,NA,NA,NA,NA,NA,NA,NA,NA
Netherlands,0.154871129,0.049266344,0.291658235,0.32115408,0.297379599,0.358417725,0.410634252,0.272895874,0.324352578,0.380091325,0.242009718,0.299784535,0.360412074,0.252812189,0.318020094,0.29324368,0.291179524,0.372011895,0.432031034,0.348374365,0.304239833,0.1039906,0.059403105,0.090131698,0.121937303,0.175177889,0.057834405,0.04468362,0.05801104,0.034290432,0.372671117,0.445012274,0.641385108,0.411966666,0.580406576,0.414192607,0.419668625,0.530577295,0.570851097,0.35762359,0.645534558,0.427245333,0.377430883,0.454830195,NA,NA,NA,NA,NA,NA,NA,NA,NA,NA,NA,NA,NA,NA,NA
Spain,0.073671867,0.092120581,0.216399587,0.243053674,0.256817201,0.304937452,0.337079532,0.253533494,0.290259935,0.259321245,0.207055013,0.239529784,0.299655914,0.180722913,0.269396471,0.245623427,0.236914718,0.315132485,0.320079191,0.28242361,0.218419832,0.052736929,0.079110857,0.063138568,0.086929814,0.128045536,0.045220319,0.045986691,0.035438352,0.044228849,0.295294143,0.297211143,0.380905421,0.341726434,0.338324499,0.250116414,0.228918258,0.527666522,0.360855711,0.250709317,0.371238716,0.29871077,0.218431141,0.26306366,0.051288257,NA,NA,NA,NA,NA,NA,NA,NA,NA,NA,NA,NA,NA,NA
US: West North Central,0.238142333,0.222957034,0.145851416,0.162338325,0.161673261,0.197502558,0.215215716,0.162878729,0.187707192,0.162880155,0.204227555,0.170773674,0.222693899,0.136886005,0.182318447,0.174406364,0.152842552,0.222849815,0.227413222,0.18608466,0.153005381,0.137625089,0.100753923,0.102961437,0.150287858,0.246451504,0.16691525,0.054885688,0.10121659,0.179798398,0.164881277,0.143761709,0.215777944,0.175814902,0.17280485,0.134401821,0.160830885,0.234487098,0.165676508,0.15129978,0.178278546,0.167753788,0.136713693,0.167934345,0.156736818,0.152824759,NA,NA,NA,NA,NA,NA,NA,NA,NA,NA,NA,NA,NA
US: East South Central,0.220993589,0.309274214,0.139726767,0.15699105,0.162996459,0.199466263,0.222302354,0.169110895,0.192639336,0.161099484,0.21372422,0.166873764,0.213025855,0.13738462,0.183487671,0.179381879,0.151743801,0.216337231,0.219037878,0.183599127,0.149090914,0.127564176,0.139765054,0.097649228,0.131467881,0.200574055,0.176274569,0.076808585,0.119470336,0.222885879,0.13690699,0.127107793,0.18743831,0.161288415,0.145295253,0.113847559,0.1384509,0.214111818,0.136731818,0.136899432,0.162990089,0.152413585,0.112455606,0.14400002,0.216258194,0.163461943,0.013066966,NA,NA,NA,NA,NA,NA,NA,NA,NA,NA,NA,NA
US: South Atlantic,0.145381224,0.158978643,0.164442468,0.179481443,0.186937954,0.239999624,0.241252298,0.195652665,0.214584317,0.1860352,0.156473812,0.20817061,0.271371649,0.148836819,0.217198148,0.178430718,0.177399382,0.270482319,0.276340774,0.225701457,0.164479613,0.084608972,0.078011679,0.065802416,0.093436051,0.171800691,0.104985784,0.041048742,0.069768719,0.140064287,0.189875523,0.165950935,0.255961167,0.215126236,0.204314483,0.141179027,0.146286244,0.266626845,0.185694352,0.12488737,0.195892303,0.163292346,0.111328985,0.172846799,0.11954832,0.104292605,0.007829328,0.011383724,NA,NA,NA,NA,NA,NA,NA,NA,NA,NA,NA
US: Middle Atlantic States,0.140484452,0.144421456,0.147807164,0.163733658,0.173568972,0.222693028,0.231013768,0.176962774,0.201590372,0.176030524,0.149174143,0.190150102,0.24736725,0.134087464,0.199523331,0.164325407,0.160710743,0.248418822,0.251591775,0.203859245,0.151859542,0.087681511,0.070401667,0.065915208,0.105210881,0.194494785,0.098517939,0.036669867,0.063615189,0.128497284,0.178445194,0.159590267,0.247798272,0.196713619,0.199844479,0.137773412,0.143988353,0.273618651,0.180978985,0.124494571,0.196801356,0.158666764,0.115333171,0.163142518,0.107988026,0.088152473,0.009772186,0.016266242,0.004591444,NA,NA,NA,NA,NA,NA,NA,NA,NA,NA
US: East North Central,0.163480798,0.183911154,0.156071258,0.168782414,0.17672442,0.227641814,0.228643497,0.188032814,0.201459171,0.174883607,0.155593717,0.194001638,0.259208832,0.137613025,0.20439708,0.166726967,0.167117837,0.254610225,0.261710198,0.209441414,0.153069351,0.095310474,0.088648578,0.064576876,0.101204464,0.17528756,0.117721471,0.045984417,0.077101673,0.149531473,0.181063565,0.162423187,0.242868949,0.201955211,0.187814618,0.133429968,0.146746892,0.261189214,0.171467061,0.127727275,0.184543246,0.162560619,0.113861679,0.165753971,0.131821558,0.11579218,0.006579633,0.009351915,0.00365537,0.0059869,NA,NA,NA,NA,NA,NA,NA,NA,NA
US: New England,0.225003551,0.165617232,0.129182193,0.139072818,0.142546278,0.167324339,0.211725815,0.132990527,0.172939765,0.141833849,0.202277592,0.147273453,0.181743431,0.121931699,0.166949838,0.161623268,0.133496364,0.181592885,0.190440588,0.162516045,0.139854188,0.141130582,0.098707416,0.10282972,0.167866351,0.282583984,0.133584297,0.040767605,0.084291489,0.149511173,0.13839265,0.137119413,0.200558901,0.149135277,0.169016084,0.12957865,0.15151085,0.233149091,0.172956363,0.153829129,0.185544178,0.154351121,0.147963805,0.156263295,0.113909032,0.112857129,0.012097461,0.025226904,0.013317077,0.007466013,0.014322214,NA,NA,NA,NA,NA,NA,NA,NA
US: West South Central,0.187965477,0.23115312,0.145924114,0.159324668,0.163004516,0.208188791,0.212326416,0.175167347,0.188863919,0.167045687,0.167064453,0.179395677,0.240931163,0.132000887,0.186037351,0.161517331,0.155267374,0.238827899,0.241595051,0.194839478,0.143862418,0.101926892,0.098674992,0.080189252,0.109244739,0.187233281,0.138724143,0.056643437,0.092531358,0.187625479,0.157798922,0.135884761,0.217039397,0.181718372,0.161993523,0.116454388,0.128963211,0.226916986,0.146832711,0.12016213,0.163519647,0.14342326,0.106193408,0.151301855,0.172741803,0.14257481,0.0099683,0.009008421,0.006699283,0.012925122,0.006939312,0.020987407,NA,NA,NA,NA,NA,NA,NA
US: Rocky Mountain state,0.210243426,0.210612408,0.130804233,0.142012541,0.148258331,0.184176746,0.206602084,0.146752379,0.173675435,0.150924592,0.178077878,0.159038353,0.20425442,0.121960707,0.173876416,0.155447365,0.139862631,0.205867724,0.208247036,0.172672888,0.136633406,0.126751209,0.102570657,0.095216728,0.143587595,0.236492817,0.144084357,0.051871159,0.09605038,0.183729658,0.147950305,0.133947325,0.203902865,0.162203254,0.167892191,0.122783855,0.143074369,0.235525111,0.157423757,0.135114888,0.17433978,0.146689676,0.124817568,0.154774805,0.154545626,0.140712175,0.007116933,0.011905279,0.005907051,0.00665866,0.005886173,0.010695682,0.008014039,NA,NA,NA,NA,NA,NA
US: California,0.235981217,0.166321154,0.126079086,0.134621792,0.141092444,0.161142116,0.217371736,0.122950378,0.182168541,0.140347367,0.211840881,0.146241216,0.154013991,0.131481339,0.170599243,0.170408935,0.133343063,0.166591575,0.16897345,0.158113218,0.151849355,0.141154737,0.108515538,0.108928141,0.176285016,0.301949225,0.135506427,0.046633773,0.095117139,0.167223299,0.132379939,0.122007853,0.18214241,0.136102064,0.158392368,0.135471522,0.141378955,0.236338367,0.171960654,0.14952294,0.181097219,0.144119594,0.144070758,0.16389638,0.121455558,0.121383314,0.019001376,0.027253444,0.019238157,0.012091403,0.021585376,0.012520854,0.025814528,0.01595951,NA,NA,NA,NA,NA
Hungary,0.062420771,0.160334226,0.160837273,0.199717832,0.204258446,0.249464704,0.252859488,0.197730978,0.223203015,0.227386885,0.155433211,0.181117457,0.235460036,0.151278368,0.240266117,0.185144643,0.174218877,0.223706879,0.236483471,0.215297351,0.151595989,0.081064373,0.096319982,0.067464753,0.086866244,0.123435037,0.061921977,0.080894135,0.084007306,0.076287406,0.301342348,0.25226384,0.382686671,0.288158868,0.304505256,0.187034452,0.162130838,0.404854474,0.267236123,0.188402069,0.314006791,0.236975416,0.144675971,0.186102842,0.10676162,0.067386921,0.172314922,0.161889052,0.113001611,0.108065507,0.119748561,0.157378232,0.142076877,0.157720339,0.182789506,NA,NA,NA,NA
US: Pacific,0.129122427,0.16611835,0.147305876,0.142512156,0.149734338,0.200185776,0.189284477,0.16262191,0.14805833,0.15589496,0.150077935,0.143459641,0.241982543,0.118001916,0.152127243,0.148253004,0.155540668,0.228714684,0.248477471,0.185788222,0.142247529,0.07056273,0.082370707,0.067721855,0.121253694,0.227564066,0.098478793,0.040616737,0.066867479,0.12588937,0.121787004,0.129381021,0.197731208,0.194280931,0.182348391,0.130076941,0.133212674,0.148110125,0.173280146,0.109253491,0.198360311,0.120984425,0.113537372,0.166867446,0.108142129,0.089237909,0.010203828,0.023756732,0.007689649,0.006881534,0.009925654,0.009560435,0.014779922,0.007854967,0.014922991,0.124119403,NA,NA,NA
Estonia,0.05805633,0.167859437,0.14582038,0.171925736,0.175631754,0.177103979,0.166026057,0.155372375,0.131854426,0.170868614,0.124283905,0.120815493,0.199746639,0.095517104,0.157657461,0.126722312,0.14521889,0.167681563,0.215398964,0.163875414,0.110236963,0.087125707,0.104053326,0.098163296,0.102692038,0.146565185,0.055885714,0.095633563,0.085353309,0.094685408,0.261149667,0.286710994,0.31117505,0.266337008,0.316633784,0.197199397,0.219954733,0.275936042,0.329792372,0.179828781,0.374235598,0.243043888,0.186873537,0.231486563,0.103906818,0.077711274,0.182743985,0.196368523,0.12961273,0.12517289,0.137028594,0.171800411,0.172110162,0.167174053,0.194686836,0.044402409,0.149905489,NA,NA
CN: Gansu,0.292834282,0.573992459,0.068755001,0.074906498,0.054807377,0.08137318,0.048011396,0.075158768,0.087002615,0.151144144,0.084000898,0.082950868,0.080916231,0.096342333,0.077616424,0.084642808,0.083554884,0.082121234,0.062745095,0.069598828,0.101548126,0.436306062,0.328480065,0.369395546,0.478060013,0.634498581,0.362161542,0.273681838,0.343351503,0.351011969,0.241157525,0.244762432,0.252567347,0.200888231,0.264645214,0.221444599,0.248989353,0.212304763,0.324035718,0.276368752,0.355562399,0.241614672,0.29439865,0.211974568,0.398273689,0.346600175,0.243272736,0.244683161,0.308703133,0.278373966,0.2947093,0.208364707,0.272145788,0.230731715,0.186964069,0.289539038,0.240873327,0.306680026,NA
